id,chart_template_id/id,code,user_type_id/id,name,reconcile
l10n_ar.base_cheques_de_terceros,l10n_ar.l10nar_base_chart_template,1.1.1.02.010,account.data_account_type_liquidity,ChequesdeTerceros,False
l10n_ar.base_cheques_de_terceros_rechazados,l10n_ar.l10nar_base_chart_template,1.1.1.02.020,account.data_account_type_current_assets,ChequesdeTercerosRechazados,False
l10n_ar.base_fondo_comun_de_inversion,l10n_ar.l10nar_base_chart_template,1.1.2.01.010,account.data_account_type_current_assets,Fondocomúndeinversión,False
l10n_ar.base_plazo_fijo,l10n_ar.l10nar_base_chart_template,1.1.2.01.020,account.data_account_type_current_assets,Plazofijo,False
l10n_ar.base_deudores_por_ventas,l10n_ar.l10nar_base_chart_template,1.1.3.01.010,account.data_account_type_receivable,Deudoresporventas,True
l10n_ar.base_deudores_por_ventas_pos,l10n_ar.l10nar_base_chart_template,1.1.3.01.020,account.data_account_type_receivable,Deudoresporventas(PoS),True
l10n_ar.base_ret_percepcion_tasa_municipal,l10n_ar.l10nar_base_chart_template,1.1.4.01.010,account.data_account_type_current_assets,Ret/PercepciónTasaMunicipal,False
l10n_ar.base_saldo_a_favor_tasa_municipal,l10n_ar.l10nar_base_chart_template,1.1.4.01.020,account.data_account_type_current_assets,SaldoafavorTasaMunicipal,False
l10n_ar.base_saldo_favor_iibb_caba,l10n_ar.l10nar_base_chart_template,1.1.4.02.010,account.data_account_type_current_assets,SaldoafavorIIBBCABA,False
l10n_ar.base_retencion_iibb_caba_sufrida,l10n_ar.l10nar_base_chart_template,1.1.4.02.020,account.data_account_type_current_assets,RetenciónIIBBCABAsufrida,False
l10n_ar.base_percepcion_iibb_caba_sufrida,l10n_ar.l10nar_base_chart_template,1.1.4.02.030,account.data_account_type_current_assets,PercepciónIIBBCABAsufrida,False
l10n_ar.base_saldo_favor_iibb_ba,l10n_ar.l10nar_base_chart_template,1.1.4.02.040,account.data_account_type_current_assets,SaldoafavorIIBBBuenosAires,False
l10n_ar.base_retencion_iibb_ba_sufrida,l10n_ar.l10nar_base_chart_template,1.1.4.02.050,account.data_account_type_current_assets,RetenciónIIBBBuenosAiressufrida,False
l10n_ar.base_percepcion_iibb_ba_sufrida,l10n_ar.l10nar_base_chart_template,1.1.4.02.060,account.data_account_type_current_assets,PercepciónIIBBBuenosAiressufrida,False
l10n_ar.base_saldo_favor_iibb_ca,l10n_ar.l10nar_base_chart_template,1.1.4.02.070,account.data_account_type_current_assets,SaldoafavorIIBBCatamarca,False
l10n_ar.base_retencion_iibb_ca_sufrida,l10n_ar.l10nar_base_chart_template,1.1.4.02.080,account.data_account_type_current_assets,RetenciónIIBBCatamarcasufrida,False
l10n_ar.base_percepcion_iibb_ca_sufrida,l10n_ar.l10nar_base_chart_template,1.1.4.02.090,account.data_account_type_current_assets,PercepciónIIBBCatamarcasufrida,False
l10n_ar.base_saldo_favor_iibb_co,l10n_ar.l10nar_base_chart_template,1.1.4.02.100,account.data_account_type_current_assets,SaldoafavorIIBBCórdoba,False
l10n_ar.base_retencion_iibb_co_sufrida,l10n_ar.l10nar_base_chart_template,1.1.4.02.110,account.data_account_type_current_assets,RetenciónIIBBCórdobasufrida,False
l10n_ar.base_percepcion_iibb_co_sufrida,l10n_ar.l10nar_base_chart_template,1.1.4.02.120,account.data_account_type_current_assets,PercepciónIIBBCórdobasufrida,False
l10n_ar.base_saldo_favor_iibb_rr,l10n_ar.l10nar_base_chart_template,1.1.4.02.130,account.data_account_type_current_assets,SaldoafavorIIBBCorrientes,False
l10n_ar.base_retencion_iibb_rr_sufrida,l10n_ar.l10nar_base_chart_template,1.1.4.02.140,account.data_account_type_current_assets,RetenciónIIBBCorrientessufrida,False
l10n_ar.base_percepcion_iibb_rr_sufrida,l10n_ar.l10nar_base_chart_template,1.1.4.02.150,account.data_account_type_current_assets,PercepciónIIBBCorrientessufrida,False
l10n_ar.base_saldo_favor_iibb_er,l10n_ar.l10nar_base_chart_template,1.1.4.02.160,account.data_account_type_current_assets,SaldoafavorIIBBEntreRíos,False
l10n_ar.base_retencion_iibb_er_sufrida,l10n_ar.l10nar_base_chart_template,1.1.4.02.170,account.data_account_type_current_assets,RetenciónIIBBEntreRíossufrida,False
l10n_ar.base_percepcion_iibb_er_sufrida,l10n_ar.l10nar_base_chart_template,1.1.4.02.180,account.data_account_type_current_assets,PercepciónIIBBEntreRíossufrida,False
l10n_ar.base_saldo_favor_iibb_ju,l10n_ar.l10nar_base_chart_template,1.1.4.02.190,account.data_account_type_current_assets,SaldoafavorIIBBJujuy,False
l10n_ar.base_retencion_iibb_ju_sufrida,l10n_ar.l10nar_base_chart_template,1.1.4.02.200,account.data_account_type_current_assets,RetenciónIIBBJujuysufrida,False
l10n_ar.base_percepcion_iibb_ju_sufrida,l10n_ar.l10nar_base_chart_template,1.1.4.02.210,account.data_account_type_current_assets,PercepciónIIBBJujuysufrida,False
l10n_ar.base_saldo_favor_iibb_za,l10n_ar.l10nar_base_chart_template,1.1.4.02.220,account.data_account_type_current_assets,SaldoafavorIIBBMendoza,False
l10n_ar.base_retencion_iibb_za_sufrida,l10n_ar.l10nar_base_chart_template,1.1.4.02.230,account.data_account_type_current_assets,RetenciónIIBBMendozasufrida,False
l10n_ar.base_percepcion_iibb_za_sufrida,l10n_ar.l10nar_base_chart_template,1.1.4.02.240,account.data_account_type_current_assets,PercepciónIIBBMendozasufrida,False
l10n_ar.base_saldo_favor_iibb_lr,l10n_ar.l10nar_base_chart_template,1.1.4.02.250,account.data_account_type_current_assets,SaldoafavorIIBBLaRioja,False
l10n_ar.base_retencion_iibb_lr_sufrida,l10n_ar.l10nar_base_chart_template,1.1.4.02.260,account.data_account_type_current_assets,RetenciónIIBBLaRiojasufrida,False
l10n_ar.base_percepcion_iibb_lr_sufrida,l10n_ar.l10nar_base_chart_template,1.1.4.02.270,account.data_account_type_current_assets,PercepciónIIBBLaRiojasufrida,False
l10n_ar.base_saldo_favor_iibb_sa,l10n_ar.l10nar_base_chart_template,1.1.4.02.280,account.data_account_type_current_assets,SaldoafavorIIBBSalta,False
l10n_ar.base_retencion_iibb_sa_sufrida,l10n_ar.l10nar_base_chart_template,1.1.4.02.290,account.data_account_type_current_assets,RetenciónIIBBSaltasufrida,False
l10n_ar.base_percepcion_iibb_sa_sufrida,l10n_ar.l10nar_base_chart_template,1.1.4.02.300,account.data_account_type_current_assets,PercepciónIIBBSaltasufrida,False
l10n_ar.base_saldo_favor_iibb_nn,l10n_ar.l10nar_base_chart_template,1.1.4.02.310,account.data_account_type_current_assets,SaldoafavorIIBBSanJuan,False
l10n_ar.base_retencion_iibb_nn_sufrida,l10n_ar.l10nar_base_chart_template,1.1.4.02.320,account.data_account_type_current_assets,RetenciónIIBBSanJuansufrida,False
l10n_ar.base_percepcion_iibb_nn_sufrida,l10n_ar.l10nar_base_chart_template,1.1.4.02.330,account.data_account_type_current_assets,PercepciónIIBBSanJuansufrida,False
l10n_ar.base_saldo_favor_iibb_sl,l10n_ar.l10nar_base_chart_template,1.1.4.02.340,account.data_account_type_current_assets,SaldoafavorIIBBSanLuis,False
l10n_ar.base_retencion_iibb_sl_sufrida,l10n_ar.l10nar_base_chart_template,1.1.4.02.350,account.data_account_type_current_assets,RetenciónIIBBSanLuissufrida,False
l10n_ar.base_percepcion_iibb_sl_sufrida,l10n_ar.l10nar_base_chart_template,1.1.4.02.360,account.data_account_type_current_assets,PercepciónIIBBSanLuissufrida,False
l10n_ar.base_saldo_favor_iibb_sf,l10n_ar.l10nar_base_chart_template,1.1.4.02.370,account.data_account_type_current_assets,SaldoafavorIIBBSantaFe,False
l10n_ar.base_retencion_iibb_sf_sufrida,l10n_ar.l10nar_base_chart_template,1.1.4.02.380,account.data_account_type_current_assets,RetenciónIIBBSantaFesufrida,False
l10n_ar.base_percepcion_iibb_sf_sufrida,l10n_ar.l10nar_base_chart_template,1.1.4.02.390,account.data_account_type_current_assets,PercepciónIIBBSantaFesufrida,False
l10n_ar.base_saldo_favor_iibb_se,l10n_ar.l10nar_base_chart_template,1.1.4.02.400,account.data_account_type_current_assets,SaldoafavorIIBBSantiagodelEstero,False
l10n_ar.base_retencion_iibb_se_sufrida,l10n_ar.l10nar_base_chart_template,1.1.4.02.410,account.data_account_type_current_assets,RetenciónIIBBSantiagodelEsterosufrida,False
l10n_ar.base_percepcion_iibb_se_sufrida,l10n_ar.l10nar_base_chart_template,1.1.4.02.420,account.data_account_type_current_assets,PercepciónIIBBSantiagodelEsterosufrida,False
l10n_ar.base_saldo_favor_iibb_tn,l10n_ar.l10nar_base_chart_template,1.1.4.02.430,account.data_account_type_current_assets,SaldoafavorIIBBTucumán,False
l10n_ar.base_retencion_iibb_tn_sufrida,l10n_ar.l10nar_base_chart_template,1.1.4.02.440,account.data_account_type_current_assets,RetenciónIIBBTucumánsufrida,False
l10n_ar.base_percepcion_iibb_tn_sufrida,l10n_ar.l10nar_base_chart_template,1.1.4.02.450,account.data_account_type_current_assets,PercepciónIIBBTucumánsufrida,False
l10n_ar.base_saldo_favor_iibb_ha,l10n_ar.l10nar_base_chart_template,1.1.4.02.460,account.data_account_type_current_assets,SaldoafavorIIBBChaco,False
l10n_ar.base_retencion_iibb_ha_sufrida,l10n_ar.l10nar_base_chart_template,1.1.4.02.470,account.data_account_type_current_assets,RetenciónIIBBChacosufrida,False
l10n_ar.base_percepcion_iibb_ha_sufrida,l10n_ar.l10nar_base_chart_template,1.1.4.02.480,account.data_account_type_current_assets,PercepciónIIBBChacosufrida,False
l10n_ar.base_saldo_favor_iibb_ct,l10n_ar.l10nar_base_chart_template,1.1.4.02.490,account.data_account_type_current_assets,SaldoafavorIIBBChubut,False
l10n_ar.base_retencion_iibb_ct_sufrida,l10n_ar.l10nar_base_chart_template,1.1.4.02.500,account.data_account_type_current_assets,RetenciónIIBBChubutsufrida,False
l10n_ar.base_percepcion_iibb_ct_sufrida,l10n_ar.l10nar_base_chart_template,1.1.4.02.510,account.data_account_type_current_assets,PercepciónIIBBChubutsufrida,False
l10n_ar.base_saldo_favor_iibb_fo,l10n_ar.l10nar_base_chart_template,1.1.4.02.520,account.data_account_type_current_assets,SaldoafavorIIBBFormosa,False
l10n_ar.base_retencion_iibb_fo_sufrida,l10n_ar.l10nar_base_chart_template,1.1.4.02.530,account.data_account_type_current_assets,RetenciónIIBBFormosasufrida,False
l10n_ar.base_percepcion_iibb_fo_sufrida,l10n_ar.l10nar_base_chart_template,1.1.4.02.540,account.data_account_type_current_assets,PercepciónIIBBFormosasufrida,False
l10n_ar.base_saldo_favor_iibb_mi,l10n_ar.l10nar_base_chart_template,1.1.4.02.550,account.data_account_type_current_assets,SaldoafavorIIBBMisiones,False
l10n_ar.base_retencion_iibb_mi_sufrida,l10n_ar.l10nar_base_chart_template,1.1.4.02.560,account.data_account_type_current_assets,RetenciónIIBBMisionessufrida,False
l10n_ar.base_percepcion_iibb_mi_sufrida,l10n_ar.l10nar_base_chart_template,1.1.4.02.570,account.data_account_type_current_assets,PercepciónIIBBMisionessufrida,False
l10n_ar.base_saldo_favor_iibb_ne,l10n_ar.l10nar_base_chart_template,1.1.4.02.580,account.data_account_type_current_assets,SaldoafavorIIBBNeuquén,False
l10n_ar.base_retencion_iibb_ne_sufrida,l10n_ar.l10nar_base_chart_template,1.1.4.02.590,account.data_account_type_current_assets,RetenciónIIBBNeuquénsufrida,False
l10n_ar.base_percepcion_iibb_ne_sufrida,l10n_ar.l10nar_base_chart_template,1.1.4.02.600,account.data_account_type_current_assets,PercepciónIIBBNeuquénsufrida,False
l10n_ar.base_saldo_favor_iibb_lp,l10n_ar.l10nar_base_chart_template,1.1.4.02.610,account.data_account_type_current_assets,SaldoafavorIIBBLaPampa,False
l10n_ar.base_retencion_iibb_lp_sufrida,l10n_ar.l10nar_base_chart_template,1.1.4.02.620,account.data_account_type_current_assets,RetenciónIIBBLaPampasufrida,False
l10n_ar.base_percepcion_iibb_lp_sufrida,l10n_ar.l10nar_base_chart_template,1.1.4.02.630,account.data_account_type_current_assets,PercepciónIIBBLaPampasufrida,False
l10n_ar.base_saldo_favor_iibb_rn,l10n_ar.l10nar_base_chart_template,1.1.4.02.640,account.data_account_type_current_assets,SaldoafavorIIBBRíoNegro,False
l10n_ar.base_retencion_iibb_rn_sufrida,l10n_ar.l10nar_base_chart_template,1.1.4.02.650,account.data_account_type_current_assets,RetenciónIIBBRíoNegrosufrida,False
l10n_ar.base_percepcion_iibb_rn_sufrida,l10n_ar.l10nar_base_chart_template,1.1.4.02.660,account.data_account_type_current_assets,PercepciónIIBBRíoNegrosufrida,False
l10n_ar.base_saldo_favor_iibb_az,l10n_ar.l10nar_base_chart_template,1.1.4.02.670,account.data_account_type_current_assets,SaldoafavorIIBBSantaCruz,False
l10n_ar.base_retencion_iibb_az_sufrida,l10n_ar.l10nar_base_chart_template,1.1.4.02.680,account.data_account_type_current_assets,RetenciónIIBBSantaCruzsufrida,False
l10n_ar.base_percepcion_iibb_az_sufrida,l10n_ar.l10nar_base_chart_template,1.1.4.02.690,account.data_account_type_current_assets,PercepciónIIBBSantaCruzsufrida,False
l10n_ar.base_saldo_favor_iibb_tf,l10n_ar.l10nar_base_chart_template,1.1.4.02.700,account.data_account_type_current_assets,SaldoafavorIIBBTierradelFuego,False
l10n_ar.base_retencion_iibb_tf_sufrida,l10n_ar.l10nar_base_chart_template,1.1.4.02.710,account.data_account_type_current_assets,RetenciónIIBBTierradelFuegosufrida,False
l10n_ar.base_percepcion_iibb_tf_sufrida,l10n_ar.l10nar_base_chart_template,1.1.4.02.720,account.data_account_type_current_assets,PercepciónIIBBTierradelFuegosufrida,False
l10n_ar.base_sircreb,l10n_ar.l10nar_base_chart_template,1.1.4.02.730,account.data_account_type_current_assets,SIRCREB,False
l10n_ar.base_saldo_a_favor_suss,l10n_ar.l10nar_base_chart_template,1.1.4.03.010,account.data_account_type_current_assets,SaldoafavorSUSS,False
l10n_ar.base_retencion_suss_sufrida,l10n_ar.l10nar_base_chart_template,1.1.4.03.020,account.data_account_type_current_assets,RetenciónSUSSSufrida,False
l10n_ar.ri_iva_credito_fiscal,l10n_ar.l10nar_ri_chart_template,1.1.4.04.010,account.data_account_type_current_assets,IVAcréditofiscal,False
l10n_ar.ri_percepcion_iva_sufrida,l10n_ar.l10nar_ri_chart_template,1.1.4.04.020,account.data_account_type_current_assets,PercepciónIVASufrida,False
l10n_ar.ri_retencion_iva_sufrida,l10n_ar.l10nar_ri_chart_template,1.1.4.04.030,account.data_account_type_current_assets,RetenciónIVASufrida,False
l10n_ar.ri_iva_saldo_tecnico_favor,l10n_ar.l10nar_ri_chart_template,1.1.4.04.040,account.data_account_type_current_assets,IVASaldotécnico,False
l10n_ar.ri_iva_saldo_libre_disponibilidad,l10n_ar.l10nar_ri_chart_template,1.1.4.04.050,account.data_account_type_current_assets,IVASaldoLibreDisponibilidad,False
l10n_ar.base_anticipo_ganancias,l10n_ar.l10nar_ex_chart_template,1.1.4.05.010,account.data_account_type_current_assets,Anticipoganancias,False
l10n_ar.base_percepcion_ganancias_sufrida,l10n_ar.l10nar_ex_chart_template,1.1.4.05.020,account.data_account_type_current_assets,PercepcionesdeGananciasSufridas,False
l10n_ar.base_retencion_ganancias_sufrida,l10n_ar.l10nar_ex_chart_template,1.1.4.05.030,account.data_account_type_current_assets,RetencionesdeGananciasSufridas,False
l10n_ar.base_saldo_favor_ganancias,l10n_ar.l10nar_ex_chart_template,1.1.4.05.040,account.data_account_type_current_assets,SaldoafavorGanancias,False
l10n_ar.base_imp_debitos_computables,l10n_ar.l10nar_base_chart_template,1.1.4.05.050,account.data_account_type_current_assets,ImpuestoalosDébitosComputables,False
l10n_ar.base_otros_creditos,l10n_ar.l10nar_base_chart_template,1.1.5.01.010,account.data_account_type_receivable,DeudoresVarios,True
l10n_ar.base_materia_prima,l10n_ar.l10nar_base_chart_template,1.1.6.01.010,account.data_account_type_current_assets,MateriaPrima,False
l10n_ar.base_productos_en_proceso,l10n_ar.l10nar_base_chart_template,1.1.6.01.020,account.data_account_type_current_assets,Productosenproceso,False
l10n_ar.base_productos_terminados,l10n_ar.l10nar_base_chart_template,1.1.6.01.030,account.data_account_type_current_assets,Productosterminados,False
l10n_ar.base_mercaderia_reventa,l10n_ar.l10nar_base_chart_template,1.1.6.01.040,account.data_account_type_current_assets,Mercaderiadereventa,False
l10n_ar.base_anticipo_proveedores,l10n_ar.l10nar_base_chart_template,1.1.6.01.050,account.data_account_type_current_assets,AnticipoaProveedores,False
l10n_ar.base_instalaciones,l10n_ar.l10nar_base_chart_template,1.2.1.01.010,account.data_account_type_fixed_assets,Instalaciones,False
l10n_ar.base_amortizacion_acumulada_instalaciones,l10n_ar.l10nar_base_chart_template,1.2.1.01.020,account.data_account_type_fixed_assets,Amortizaciónacumuladainstalaciones,False
l10n_ar.base_maq_y_equipos,l10n_ar.l10nar_base_chart_template,1.2.1.02.010,account.data_account_type_fixed_assets,Maquinariasyequipos,False
l10n_ar.base_amortizacion_acumulada_maq_y_equipos,l10n_ar.l10nar_base_chart_template,1.2.1.02.020,account.data_account_type_fixed_assets,Amortizaciónacumuladamaquinariasyequipos,False
l10n_ar.base_muebles_y_utiles,l10n_ar.l10nar_base_chart_template,1.2.1.03.010,account.data_account_type_fixed_assets,Mueblesyútiles,False
l10n_ar.base_amortizacion_acumulada_muebles_utiles,l10n_ar.l10nar_base_chart_template,1.2.1.03.020,account.data_account_type_fixed_assets,Amortizaciónacumuladamueblesyútiles,False
l10n_ar.base_rodados,l10n_ar.l10nar_base_chart_template,1.2.1.04.010,account.data_account_type_fixed_assets,Rodados,False
l10n_ar.base_amortizacion_acumulada_rodados,l10n_ar.l10nar_base_chart_template,1.2.1.04.020,account.data_account_type_fixed_assets,Amortizaciónacumuladarodados,False
l10n_ar.base_derechos_de_marca,l10n_ar.l10nar_base_chart_template,1.2.2.01.010,account.data_account_type_fixed_assets,Derechosdemarca,False
l10n_ar.base_amortizacion_acumulada_derechos_de_marca,l10n_ar.l10nar_base_chart_template,1.2.2.01.020,account.data_account_type_fixed_assets,AmortizaciónacumuladaDerechosdemarca,False
l10n_ar.base_proveedores,l10n_ar.l10nar_base_chart_template,2.1.1.01.010,account.data_account_type_payable,Proveedores,True
l10n_ar.base_cheques_diferidos,l10n_ar.l10nar_base_chart_template,2.1.1.01.020,account.data_account_type_current_liabilities,Chequesdiferidosapagar,True
l10n_ar.base_cheques_rechazados,l10n_ar.l10nar_base_chart_template,2.1.1.01.030,account.data_account_type_current_liabilities,ChequesRechazados,False
l10n_ar.base_anticipos_de_clientes,l10n_ar.l10nar_base_chart_template,2.1.1.01.040,account.data_account_type_current_liabilities,Anticiposdeclientes,False
l10n_ar.base_alquileres_a_pagar,l10n_ar.l10nar_base_chart_template,2.1.1.01.050,account.data_account_type_payable,Alquileresapagar,True
l10n_ar.base_intereses_a_pagar,l10n_ar.l10nar_base_chart_template,2.1.2.01.010,account.data_account_type_current_liabilities,Interesesapagar,False
l10n_ar.base_giro_en_descubierto,l10n_ar.l10nar_base_chart_template,2.1.2.01.020,account.data_account_type_current_liabilities,GiroendescubiertoBancoxxxxx,False
l10n_ar.base_otras_deudas_documentadas,l10n_ar.l10nar_base_chart_template,2.1.2.01.030,account.data_account_type_current_liabilities,Otrasdeudasdocumentadas,False
l10n_ar.base_prestamo_banco_x,l10n_ar.l10nar_base_chart_template,2.1.2.01.040,account.data_account_type_non_current_liabilities,PrestamoBancoxxxxx,False
l10n_ar.base_acreedores_varios,l10n_ar.l10nar_base_chart_template,2.1.2.01.050,account.data_account_type_payable,Acreedoresvarios,True
l10n_ar.base_tasa_municipal_a_pagar,l10n_ar.l10nar_base_chart_template,2.1.3.01.010,account.data_account_type_payable,TasaMunicipalapagar,True
l10n_ar.base_plan_tasa_municipal_a_pagar,l10n_ar.l10nar_base_chart_template,2.1.3.01.020,account.data_account_type_payable,PlanTasaMunicipalapagar,True
l10n_ar.base_iibb_a_pagar,l10n_ar.l10nar_base_chart_template,2.1.3.02.010,account.data_account_type_payable,IIBBapagar,True
l10n_ar.ri_retencion_sicore_a_pagar,l10n_ar.l10nar_ex_chart_template,2.1.3.02.020,account.data_account_type_payable,SICOREapagar,True
l10n_ar.ri_retencion_iibb_caba_aplicada,l10n_ar.l10nar_ex_chart_template,2.1.3.02.030,account.data_account_type_current_liabilities,RetenciónIIBBCABAaplicada,False
l10n_ar.ri_percepcion_iibb_caba_aplicada,l10n_ar.l10nar_ex_chart_template,2.1.3.02.040,account.data_account_type_current_liabilities,PercepciónIIBBCABAaplicada,False
l10n_ar.ri_retencion_iibb_ba_aplicada,l10n_ar.l10nar_ex_chart_template,2.1.3.02.050,account.data_account_type_current_liabilities,RetenciónIIBBARBAaplicada,False
l10n_ar.ri_percepcion_iibb_ba_aplicada,l10n_ar.l10nar_ex_chart_template,2.1.3.02.060,account.data_account_type_current_liabilities,PercepciónIIBBARBAaplicada,False
l10n_ar.ri_retencion_iibb_ca_aplicada,l10n_ar.l10nar_ex_chart_template,2.1.3.02.070,account.data_account_type_current_liabilities,RetenciónIIBBCatamarcaaplicada,False
l10n_ar.ri_percepcion_iibb_ca_aplicada,l10n_ar.l10nar_ex_chart_template,2.1.3.02.080,account.data_account_type_current_liabilities,PercepciónIIBBCatamarcaaplicada,False
l10n_ar.ri_retencion_iibb_co_aplicada,l10n_ar.l10nar_ex_chart_template,2.1.3.02.090,account.data_account_type_current_liabilities,RetenciónIIBBCórdobaaplicada,False
l10n_ar.ri_percepcion_iibb_co_aplicada,l10n_ar.l10nar_ex_chart_template,2.1.3.02.100,account.data_account_type_current_liabilities,PercepciónIIBBCórdobaaplicada,False
l10n_ar.ri_retencion_iibb_rr_aplicada,l10n_ar.l10nar_ex_chart_template,2.1.3.02.110,account.data_account_type_current_liabilities,RetenciónIIBBCorrientesaplicada,False
l10n_ar.ri_percepcion_iibb_rr_aplicada,l10n_ar.l10nar_ex_chart_template,2.1.3.02.120,account.data_account_type_current_liabilities,PercepciónIIBBCorrientesaplicada,False
l10n_ar.ri_retencion_iibb_er_aplicada,l10n_ar.l10nar_ex_chart_template,2.1.3.02.130,account.data_account_type_current_liabilities,RetenciónIIBBEntreRíoaplicada,False
l10n_ar.ri_percepcion_iibb_er_aplicada,l10n_ar.l10nar_ex_chart_template,2.1.3.02.140,account.data_account_type_current_liabilities,PercepciónIIBBEntreRíoaplicada,False
l10n_ar.ri_retencion_iibb_ju_aplicada,l10n_ar.l10nar_ex_chart_template,2.1.3.02.150,account.data_account_type_current_liabilities,RetenciónIIBBJujuyaplicada,False
l10n_ar.ri_percepcion_iibb_ju_aplicada,l10n_ar.l10nar_ex_chart_template,2.1.3.02.160,account.data_account_type_current_liabilities,PercepciónIIBBJujuyaplicada,False
l10n_ar.ri_retencion_iibb_za_aplicada,l10n_ar.l10nar_ex_chart_template,2.1.3.02.170,account.data_account_type_current_liabilities,RetenciónIIBBMendozaaplicada,False
l10n_ar.ri_percepcion_iibb_za_aplicada,l10n_ar.l10nar_ex_chart_template,2.1.3.02.180,account.data_account_type_current_liabilities,PercepciónIIBBMendozaaplicada,False
l10n_ar.ri_retencion_iibb_lr_aplicada,l10n_ar.l10nar_ex_chart_template,2.1.3.02.190,account.data_account_type_current_liabilities,RetenciónIIBBLaRiojaaplicada,False
l10n_ar.ri_percepcion_iibb_lr_aplicada,l10n_ar.l10nar_ex_chart_template,2.1.3.02.200,account.data_account_type_current_liabilities,PercepciónIIBBLaRiojaaplicada,False
l10n_ar.ri_retencion_iibb_sa_aplicada,l10n_ar.l10nar_ex_chart_template,2.1.3.02.210,account.data_account_type_current_liabilities,RetenciónIIBBSaltaaplicada,False
l10n_ar.ri_percepcion_iibb_sa_aplicada,l10n_ar.l10nar_ex_chart_template,2.1.3.02.220,account.data_account_type_current_liabilities,PercepciónIIBBSaltaaplicada,False
l10n_ar.ri_retencion_iibb_nn_aplicada,l10n_ar.l10nar_ex_chart_template,2.1.3.02.230,account.data_account_type_current_liabilities,RetenciónIIBBSanJuanaplicada,False
l10n_ar.ri_percepcion_iibb_nn_aplicada,l10n_ar.l10nar_ex_chart_template,2.1.3.02.240,account.data_account_type_current_liabilities,PercepciónIIBBSanJuanaplicada,False
l10n_ar.ri_retencion_iibb_sl_aplicada,l10n_ar.l10nar_ex_chart_template,2.1.3.02.250,account.data_account_type_current_liabilities,RetenciónIIBBSanLuisaplicada,False
l10n_ar.ri_percepcion_iibb_sl_aplicada,l10n_ar.l10nar_ex_chart_template,2.1.3.02.260,account.data_account_type_current_liabilities,PercepciónIIBBSanLuisaplicada,False
l10n_ar.ri_retencion_iibb_sf_aplicada,l10n_ar.l10nar_ex_chart_template,2.1.3.02.270,account.data_account_type_current_liabilities,RetenciónIIBBSantaFeaplicada,False
l10n_ar.ri_percepcion_iibb_sf_aplicada,l10n_ar.l10nar_ex_chart_template,2.1.3.02.280,account.data_account_type_current_liabilities,PercepciónIIBBSantaFeaplicada,False
l10n_ar.ri_retencion_iibb_se_aplicada,l10n_ar.l10nar_ex_chart_template,2.1.3.02.290,account.data_account_type_current_liabilities,RetenciónIIBBSantiagodelEsteroaplicada,False
l10n_ar.ri_percepcion_iibb_se_aplicada,l10n_ar.l10nar_ex_chart_template,2.1.3.02.300,account.data_account_type_current_liabilities,PercepciónIIBBSantiagodelEsteroaplicada,False
l10n_ar.ri_retencion_iibb_tn_aplicada,l10n_ar.l10nar_ex_chart_template,2.1.3.02.310,account.data_account_type_current_liabilities,RetenciónIIBBTucumánaplicada,False
l10n_ar.ri_percepcion_iibb_tn_aplicada,l10n_ar.l10nar_ex_chart_template,2.1.3.02.320,account.data_account_type_current_liabilities,PercepciónIIBBTucumánaplicada,False
l10n_ar.ri_retencion_iibb_ha_aplicada,l10n_ar.l10nar_ex_chart_template,2.1.3.02.330,account.data_account_type_current_liabilities,RetenciónIIBBChacoaplicada,False
l10n_ar.ri_percepcion_iibb_ha_aplicada,l10n_ar.l10nar_ex_chart_template,2.1.3.02.340,account.data_account_type_current_liabilities,PercepciónIIBBChacoaplicada,False
l10n_ar.ri_retencion_iibb_ct_aplicada,l10n_ar.l10nar_ex_chart_template,2.1.3.02.350,account.data_account_type_current_liabilities,RetenciónIIBBChubutaplicada,False
l10n_ar.ri_percepcion_iibb_ct_aplicada,l10n_ar.l10nar_ex_chart_template,2.1.3.02.360,account.data_account_type_current_liabilities,PercepciónIIBBChubutaplicada,False
l10n_ar.ri_retencion_iibb_fo_aplicada,l10n_ar.l10nar_ex_chart_template,2.1.3.02.370,account.data_account_type_current_liabilities,RetenciónIIBBFormosaaplicada,False
l10n_ar.ri_percepcion_iibb_fo_aplicada,l10n_ar.l10nar_ex_chart_template,2.1.3.02.380,account.data_account_type_current_liabilities,PercepciónIIBBFormosaaplicada,False
l10n_ar.ri_retencion_iibb_mi_aplicada,l10n_ar.l10nar_ex_chart_template,2.1.3.02.390,account.data_account_type_current_liabilities,RetenciónIIBBMisionesaplicada,False
l10n_ar.ri_percepcion_iibb_mi_aplicada,l10n_ar.l10nar_ex_chart_template,2.1.3.02.400,account.data_account_type_current_liabilities,PercepciónIIBBMisionesaplicada,False
l10n_ar.ri_retencion_iibb_ne_aplicada,l10n_ar.l10nar_ex_chart_template,2.1.3.02.410,account.data_account_type_current_liabilities,RetenciónIIBBNeuquénaplicada,False
l10n_ar.ri_percepcion_iibb_ne_aplicada,l10n_ar.l10nar_ex_chart_template,2.1.3.02.420,account.data_account_type_current_liabilities,PercepciónIIBBNeuquénaplicada,False
l10n_ar.ri_retencion_iibb_lp_aplicada,l10n_ar.l10nar_ex_chart_template,2.1.3.02.430,account.data_account_type_current_liabilities,RetenciónIIBBLaPampaaplicada,False
l10n_ar.ri_percepcion_iibb_lp_aplicada,l10n_ar.l10nar_ex_chart_template,2.1.3.02.440,account.data_account_type_current_liabilities,PercepciónIIBBLaPampaaplicada,False
l10n_ar.ri_retencion_iibb_rn_aplicada,l10n_ar.l10nar_ex_chart_template,2.1.3.02.450,account.data_account_type_current_liabilities,RetenciónIIBBRíoNegroaplicada,False
l10n_ar.ri_percepcion_iibb_rn_aplicada,l10n_ar.l10nar_ex_chart_template,2.1.3.02.460,account.data_account_type_current_liabilities,PercepciónIIBBRíoNegroaplicada,False
l10n_ar.ri_retencion_iibb_az_aplicada,l10n_ar.l10nar_ex_chart_template,2.1.3.02.470,account.data_account_type_current_liabilities,RetenciónIIBBSantaCruzaplicada,False
l10n_ar.ri_percepcion_iibb_az_aplicada,l10n_ar.l10nar_ex_chart_template,2.1.3.02.480,account.data_account_type_current_liabilities,PercepciónIIBBSantaCruzaplicada,False
l10n_ar.ri_retencion_iibb_tf_aplicada,l10n_ar.l10nar_ex_chart_template,2.1.3.02.490,account.data_account_type_current_liabilities,RetenciónIIBBTierradelFuegoaplicada,False
l10n_ar.ri_percepcion_iibb_tf_aplicada,l10n_ar.l10nar_ex_chart_template,2.1.3.02.500,account.data_account_type_current_liabilities,PercepciónIIBBTierradelFuegoaplicada,False
l10n_ar.ri_retencion_iibb_a_pagar,l10n_ar.l10nar_ex_chart_template,2.1.3.02.510,account.data_account_type_payable,Retención/PercepciónIIBBapagar,True
l10n_ar.base_plan_de_iibb_a_pagar,l10n_ar.l10nar_base_chart_template,2.1.3.02.520,account.data_account_type_payable,PlandeIIBBapagar,True
l10n_ar.ri_iva_debito_fiscal,l10n_ar.l10nar_ri_chart_template,2.1.3.03.010,account.data_account_type_current_liabilities,IVAdébitofiscal,False
l10n_ar.ri_iva_saldo_a_pagar,l10n_ar.l10nar_ri_chart_template,2.1.3.03.020,account.data_account_type_payable,IVAsaldoapagar,True
l10n_ar.ri_retencion_iva_aplicada,l10n_ar.l10nar_ex_chart_template,2.1.3.03.030,account.data_account_type_current_liabilities,RetenciónIVAaplicada,False
l10n_ar.ri_percepcion_iva_aplicada,l10n_ar.l10nar_ex_chart_template,2.1.3.03.040,account.data_account_type_current_liabilities,PercepciónIVAaplicada,False
l10n_ar.base_plan_iva_a_pagar,l10n_ar.l10nar_ri_chart_template,2.1.3.03.050,account.data_account_type_current_liabilities,PlanIVAapagar,False
l10n_ar.base_impuesto_ganancias_a_pagar,l10n_ar.l10nar_ex_chart_template,2.1.3.04.010,account.data_account_type_payable,Impuestoalasgananciasapagar,True
l10n_ar.ri_retencion_ganancias_aplicada,l10n_ar.l10nar_ex_chart_template,2.1.3.04.020,account.data_account_type_current_liabilities,Retencióngananciasaplicada,False
l10n_ar.ri_percepcion_ganancias_aplicada,l10n_ar.l10nar_ex_chart_template,2.1.3.04.030,account.data_account_type_current_liabilities,Percepcióngananciasaplicada,False
l10n_ar.base_provision_imp_a_las_ganancias,l10n_ar.l10nar_ex_chart_template,2.1.3.04.040,account.data_account_type_current_liabilities,ProvisiónImpalasGanancias,True
l10n_ar.base_anticipos_imp_a_las_ganancias_a_pagar,l10n_ar.l10nar_ex_chart_template,2.1.3.04.050,account.data_account_type_current_liabilities,AnticiposImpalasGananciasaPagar,True
l10n_ar.base_planes_a_pagar_afip,l10n_ar.l10nar_ex_chart_template,2.1.3.04.060,account.data_account_type_non_current_liabilities,PlanGananciasapagar,False
l10n_ar.base_sueldos_a_pagar,l10n_ar.l10nar_base_chart_template,2.1.4.01.010,account.data_account_type_payable,Sueldosapagar,True
l10n_ar.base_suss_a_pagar,l10n_ar.l10nar_base_chart_template,2.1.4.01.020,account.data_account_type_payable,LeyesSocialesapagar,True
l10n_ar.base_seguro_de_vida_a_pagar,l10n_ar.l10nar_base_chart_template,2.1.4.01.030,account.data_account_type_payable,SegurodeVidaaPagar,True
l10n_ar.base_art_a_pagar,l10n_ar.l10nar_base_chart_template,2.1.4.01.040,account.data_account_type_payable,ARTaPagar,True
l10n_ar.base_aportes_sindicales_a_pagar,l10n_ar.l10nar_base_chart_template,2.1.4.01.050,account.data_account_type_payable,Sindicatoapagar,True
l10n_ar.base_embargos_a_depositar,l10n_ar.l10nar_base_chart_template,2.1.4.01.060,account.data_account_type_payable,Embargosadepositar,True
l10n_ar.base_cta_particular_socio_x,l10n_ar.l10nar_base_chart_template,2.1.5.01.010,account.data_account_type_non_current_liabilities,Ctaparticularsociox,False
l10n_ar.base_proveedores_largo_plazo,l10n_ar.l10nar_base_chart_template,2.2.1.01.010,account.data_account_type_non_current_liabilities,DeudasProveedoresalargoplazo,False
l10n_ar.base_prevision_sac_a_pagar,l10n_ar.l10nar_base_chart_template,2.2.2.01.010,account.data_account_type_current_liabilities,PrevisiónSACaPagar,False
l10n_ar.base_prevision_para_despidos,l10n_ar.l10nar_base_chart_template,2.2.2.01.020,account.data_account_type_current_liabilities,PrevisiónparaDespidos,False
l10n_ar.base_prevision_gastos,l10n_ar.l10nar_base_chart_template,2.2.2.01.030,account.data_account_type_current_liabilities,Previsiongastos,False
l10n_ar.base_capital,l10n_ar.l10nar_base_chart_template,3.1.1.01.010,account.data_account_type_equity,Capitalsuscripto,False
l10n_ar.base_ajustes_de_capital,l10n_ar.l10nar_base_chart_template,3.1.1.01.020,account.data_account_type_equity,Ajustesdecapital,False
l10n_ar.base_aportes_no_capitalizados,l10n_ar.l10nar_base_chart_template,3.1.1.01.030,account.data_account_type_equity,Aportesnocapitalizados,False
l10n_ar.base_reserva_legal,l10n_ar.l10nar_base_chart_template,3.2.1.01.010,account.data_account_type_equity,Reservalegal,False
l10n_ar.base_reserva_estatuitaria,l10n_ar.l10nar_base_chart_template,3.2.1.01.020,account.data_account_type_equity,Reservaestatuitaria,False
l10n_ar.base_futuras_inversiones,l10n_ar.l10nar_base_chart_template,3.2.1.01.030,account.data_account_type_equity,Reservasfuturasinversiones,False
l10n_ar.base_reservas_facultativas,l10n_ar.l10nar_base_chart_template,3.2.1.01.040,account.data_account_type_equity,Reservasfacultativas,False
l10n_ar.base_resultado_del_ejercicio,l10n_ar.l10nar_base_chart_template,3.3.1.01.010,account.data_unaffected_earnings,Resultadodelejercicio,False
l10n_ar.base_resultado_acumulados,l10n_ar.l10nar_base_chart_template,3.3.1.01.020,account.data_account_type_equity,Resultadosdeejerciciosanteriores,False
l10n_ar.base_ajuste_resultados,l10n_ar.l10nar_base_chart_template,3.3.1.01.030,account.data_account_type_equity,Ajusteresultadosejerciciosanteriores,False
l10n_ar.base_venta_de_mercaderia,l10n_ar.l10nar_base_chart_template,4.1.1.01.010,account.data_account_type_revenue,Ventademercadería,False
l10n_ar.base_venta_de_servicios,l10n_ar.l10nar_base_chart_template,4.1.1.01.020,account.data_account_type_revenue,Ventadeservicios,False
l10n_ar.base_resultado_intereses_ganados,l10n_ar.l10nar_base_chart_template,4.2.1.01.010,account.data_account_type_other_income,Interesesganados,False
l10n_ar.base_diferencias_de_cambio,l10n_ar.l10nar_base_chart_template,4.2.1.01.020,account.data_account_type_other_income,Diferenciasdecambio,False
l10n_ar.base_ajuste_por_redondeo,l10n_ar.l10nar_base_chart_template,4.2.1.01.030,account.data_account_type_other_income,Ajusteporredondeo,False
l10n_ar.base_resultado_venta_bienes_de_uso,l10n_ar.l10nar_base_chart_template,4.3.1.01.010,account.data_account_type_other_income,Resultadoventabienesdeuso,False
l10n_ar.base_recupero_de_gastos,l10n_ar.l10nar_base_chart_template,4.3.1.01.020,account.data_account_type_other_income,Recuperodegastos,False
l10n_ar.base_aportes_no_reembolsables,l10n_ar.l10nar_base_chart_template,4.3.1.01.030,account.data_account_type_other_income,Aportesnoreeombolsables(subsidios),False
l10n_ar.base_cmv,l10n_ar.l10nar_base_chart_template,5.1.1.01.010,account.data_account_type_expenses,CostodeMercaderíaVendida,False
l10n_ar.base_descuentos_obtenidos,l10n_ar.l10nar_base_chart_template,5.1.1.01.020,account.data_account_type_expenses,DescuentosObtenidos,False
l10n_ar.base_compra_mercaderia,l10n_ar.l10nar_base_chart_template,5.1.1.01.030,account.data_account_type_expenses,Comprademercadería,False
l10n_ar.base_haberes_produccion,l10n_ar.l10nar_base_chart_template,5.1.2.01.010,account.data_account_type_expenses,SueldosySACProducción,False
l10n_ar.base_cargas_sociales_produccion,l10n_ar.l10nar_base_chart_template,5.1.2.01.020,account.data_account_type_expenses,CargasSocialesProducción,False
l10n_ar.base_gastos_varios_produccion,l10n_ar.l10nar_base_chart_template,5.1.2.01.030,account.data_account_type_expenses,GastosVariosProducción,False
l10n_ar.base_alquileres_produccion,l10n_ar.l10nar_base_chart_template,5.1.2.01.040,account.data_account_type_expenses,AlquileresProducción,False
l10n_ar.base_servicio_de_luz_produccion,l10n_ar.l10nar_base_chart_template,5.1.2.01.050,account.data_account_type_expenses,ServicioEléctricoProducción,False
l10n_ar.base_servicio_de_agua_produccion,l10n_ar.l10nar_base_chart_template,5.1.2.01.060,account.data_account_type_expenses,ServiciodeAguaProducción,False
l10n_ar.base_servicio_de_gas_produccion,l10n_ar.l10nar_base_chart_template,5.1.2.01.070,account.data_account_type_expenses,ServiciodeGasProducción,False
l10n_ar.base_impuesto_inmobiliario_produccion,l10n_ar.l10nar_base_chart_template,5.1.2.01.080,account.data_account_type_expenses,ImpuestoInmobiliarioProducción,False
l10n_ar.base_mantenimiento_y_reparaciones_produccion,l10n_ar.l10nar_base_chart_template,5.1.2.01.090,account.data_account_type_expenses,MantenimientoyReparacionesProducción,False
l10n_ar.base_higiene_y_seguridad,l10n_ar.l10nar_base_chart_template,5.1.2.01.100,account.data_account_type_expenses,HigieneySeguridad,False
l10n_ar.base_honorarios_produccion,l10n_ar.l10nar_base_chart_template,5.1.2.01.110,account.data_account_type_expenses,HonorariosProducción,False
l10n_ar.base_mantenimiento_y_limpieza,l10n_ar.l10nar_base_chart_template,5.1.2.01.120,account.data_account_type_expenses,Mantenimientoylimpieza,False
l10n_ar.base_seguros_produccion,l10n_ar.l10nar_base_chart_template,5.1.2.01.130,account.data_account_type_expenses,SegurosProducción,False
l10n_ar.base_haberes_comerciales,l10n_ar.l10nar_base_chart_template,5.2.1.01.010,account.data_account_type_expenses,SueldosySACComercial,False
l10n_ar.base_cargas_sociales_comerciales,l10n_ar.l10nar_base_chart_template,5.2.1.01.020,account.data_account_type_expenses,CargasSocialesComercial,False
l10n_ar.base_gastos_varios_comerciales,l10n_ar.l10nar_base_chart_template,5.2.1.01.030,account.data_account_type_expenses,GastosVariosComercial,False
l10n_ar.base_alquileres_comerciales,l10n_ar.l10nar_base_chart_template,5.2.1.01.040,account.data_account_type_expenses,AlquileresComercial,False
l10n_ar.base_movilidad_y_viaticos,l10n_ar.l10nar_base_chart_template,5.2.1.01.050,account.data_account_type_expenses,Movilidadyviáticos,False
l10n_ar.base_publicidad,l10n_ar.l10nar_base_chart_template,5.2.1.01.060,account.data_account_type_expenses,Publicidad,False
l10n_ar.base_comisiones,l10n_ar.l10nar_base_chart_template,5.2.1.01.070,account.data_account_type_expenses,ComisionesPagadas,False
l10n_ar.base_servicios_de_luz_ecomercial,l10n_ar.l10nar_base_chart_template,5.2.1.01.080,account.data_account_type_expenses,ServicioEléctricoComercial,False
l10n_ar.base_servicio_de_agua_comercial,l10n_ar.l10nar_base_chart_template,5.2.1.01.090,account.data_account_type_expenses,ServiciodeAguaComercial,False
l10n_ar.base_servicio_de_gas_comercial,l10n_ar.l10nar_base_chart_template,5.2.1.01.100,account.data_account_type_expenses,ServiciodeGasComercial,False
l10n_ar.base_honorarios_comercial,l10n_ar.l10nar_base_chart_template,5.2.1.01.110,account.data_account_type_expenses,HonorariosComercial,False
l10n_ar.base_patentes_comercial,l10n_ar.l10nar_base_chart_template,5.2.1.01.120,account.data_account_type_expenses,PatentesComercial,False
l10n_ar.base_seguros_comercial,l10n_ar.l10nar_base_chart_template,5.2.1.01.130,account.data_account_type_expenses,SegurosComercial,False
l10n_ar.base_haberes_administrativos,l10n_ar.l10nar_base_chart_template,5.3.1.01.010,account.data_account_type_expenses,SueldosySACAdministrativos,False
l10n_ar.base_cargas_sociales_administrativos,l10n_ar.l10nar_base_chart_template,5.3.1.01.020,account.data_account_type_expenses,CargasSocialesAdministrativos,False
l10n_ar.base_gastos_varios_administrativos,l10n_ar.l10nar_base_chart_template,5.3.1.01.030,account.data_account_type_expenses,GastosvariosAdministrativos,False
l10n_ar.base_alquileres_administrativos,l10n_ar.l10nar_base_chart_template,5.3.1.01.040,account.data_account_type_expenses,AlquileresAdministrativos,False
l10n_ar.base_servicio_de_luz_administrativos,l10n_ar.l10nar_base_chart_template,5.3.1.01.050,account.data_account_type_expenses,ServicioEléctricoAdministrativos,False
l10n_ar.base_servicio_de_agua_administrativos,l10n_ar.l10nar_base_chart_template,5.3.1.01.060,account.data_account_type_expenses,ServiciodeAguaAdministrativos,False
l10n_ar.base_servicio_de_gas_administrativos,l10n_ar.l10nar_base_chart_template,5.3.1.01.070,account.data_account_type_expenses,ServiciodeGasAdministrativos,False
l10n_ar.base_servicio_de_internet,l10n_ar.l10nar_base_chart_template,5.3.1.01.080,account.data_account_type_expenses,ServiciodeInternet,False
l10n_ar.base_sistema_y_software,l10n_ar.l10nar_base_chart_template,5.3.1.01.090,account.data_account_type_expenses,SistemaySoftware,False
l10n_ar.base_cadeteria_y_franqueo,l10n_ar.l10nar_base_chart_template,5.3.1.01.100,account.data_account_type_expenses,Cadeteriayfranqueo,False
l10n_ar.base_honorarios_administracion,l10n_ar.l10nar_base_chart_template,5.3.1.01.110,account.data_account_type_expenses,HonorariosAdministración,False
l10n_ar.base_articulos_de_libreria,l10n_ar.l10nar_base_chart_template,5.3.1.01.120,account.data_account_type_expenses,Artículosdelibrería,False
l10n_ar.base_seguros_administracion,l10n_ar.l10nar_base_chart_template,5.3.1.01.130,account.data_account_type_expenses,SegurosAdministración,False
l10n_ar.base_sellados_y_certificaciones,l10n_ar.l10nar_base_chart_template,5.3.1.01.140,account.data_account_type_expenses,SelladosyCertificaciones,False
l10n_ar.base_tasa_municipal,l10n_ar.l10nar_base_chart_template,5.4.1.01.010,account.data_account_type_expenses,TasaMunicipal,False
l10n_ar.base_impuestos_iibb_caba,l10n_ar.l10nar_base_chart_template,5.4.2.01.010,account.data_account_type_expenses,IIBBCABA,False
l10n_ar.base_impuestos_iibb_ba,l10n_ar.l10nar_base_chart_template,5.4.2.01.020,account.data_account_type_expenses,IIBBARBA,False
l10n_ar.base_impuestos_iibb_ca,l10n_ar.l10nar_base_chart_template,5.4.2.01.030,account.data_account_type_expenses,IIBBCatamarca,False
l10n_ar.base_impuestos_iibb_co,l10n_ar.l10nar_base_chart_template,5.4.2.01.040,account.data_account_type_expenses,IIBBCórdoba,False
l10n_ar.base_impuestos_iibb_rr,l10n_ar.l10nar_base_chart_template,5.4.2.01.050,account.data_account_type_expenses,IIBBCorrientes,False
l10n_ar.base_impuestos_iibb_er,l10n_ar.l10nar_base_chart_template,5.4.2.01.060,account.data_account_type_expenses,IIBBEntreRíos,False
l10n_ar.base_impuestos_iibb_ju,l10n_ar.l10nar_base_chart_template,5.4.2.01.070,account.data_account_type_expenses,IIBBJujuy,False
l10n_ar.base_impuestos_iibb_za,l10n_ar.l10nar_base_chart_template,5.4.2.01.080,account.data_account_type_expenses,IIBBMendoza,False
l10n_ar.base_impuestos_iibb_lr,l10n_ar.l10nar_base_chart_template,5.4.2.01.090,account.data_account_type_expenses,IIBBLaRioja,False
l10n_ar.base_impuestos_iibb_sa,l10n_ar.l10nar_base_chart_template,5.4.2.01.100,account.data_account_type_expenses,IIBBSalta,False
l10n_ar.base_impuestos_iibb_nn,l10n_ar.l10nar_base_chart_template,5.4.2.01.110,account.data_account_type_expenses,IIBBSanJuan,False
l10n_ar.base_impuestos_iibb_sl,l10n_ar.l10nar_base_chart_template,5.4.2.01.120,account.data_account_type_expenses,IIBBSanLuis,False
l10n_ar.base_impuestos_iibb_sf,l10n_ar.l10nar_base_chart_template,5.4.2.01.130,account.data_account_type_expenses,IIBBSantaFe,False
l10n_ar.base_impuestos_iibb_se,l10n_ar.l10nar_base_chart_template,5.4.2.01.140,account.data_account_type_expenses,IIBBSantiagodelEstero,False
l10n_ar.base_impuestos_iibb_tn,l10n_ar.l10nar_base_chart_template,5.4.2.01.150,account.data_account_type_expenses,IIBBTucumán,False
l10n_ar.base_impuestos_iibb_ha,l10n_ar.l10nar_base_chart_template,5.4.2.01.160,account.data_account_type_expenses,IIBBChaco,False
l10n_ar.base_impuestos_iibb_ct,l10n_ar.l10nar_base_chart_template,5.4.2.01.170,account.data_account_type_expenses,IIBBChubut,False
l10n_ar.base_impuestos_iibb_fo,l10n_ar.l10nar_base_chart_template,5.4.2.01.180,account.data_account_type_expenses,IIBBFormosa,False
l10n_ar.base_impuestos_iibb_mi,l10n_ar.l10nar_base_chart_template,5.4.2.01.190,account.data_account_type_expenses,IIBBMisiones,False
l10n_ar.base_impuestos_iibb_ne,l10n_ar.l10nar_base_chart_template,5.4.2.01.200,account.data_account_type_expenses,IIBBNeuquén,False
l10n_ar.base_impuestos_iibb_lp,l10n_ar.l10nar_base_chart_template,5.4.2.01.210,account.data_account_type_expenses,IIBBLaPampa,False
l10n_ar.base_impuestos_iibb_rn,l10n_ar.l10nar_base_chart_template,5.4.2.01.220,account.data_account_type_expenses,IIBBRíoNegro,False
l10n_ar.base_impuestos_iibb_az,l10n_ar.l10nar_base_chart_template,5.4.2.01.230,account.data_account_type_expenses,IIBBSantaCruz,False
l10n_ar.base_impuestos_iibb_tf,l10n_ar.l10nar_base_chart_template,5.4.2.01.240,account.data_account_type_expenses,IIBBTierradelFuego,False
l10n_ar.base_impuestos_debitos_y_creditos,l10n_ar.l10nar_base_chart_template,5.4.3.01.010,account.data_account_type_expenses,Impuestosalosdébitosycréditosbancarios,False
l10n_ar.base_impuestos_a_las_ganancias,l10n_ar.l10nar_ex_chart_template,5.5.1.01.010,account.data_account_type_expenses,Impuestosalasganancias,False
l10n_ar.base_resultado_intereses_y_recargos,l10n_ar.l10nar_base_chart_template,5.6.1.01.020,account.data_account_type_expenses,Interesesporpréstamos,False
l10n_ar.base_intereses_por_descubierto,l10n_ar.l10nar_base_chart_template,5.6.1.01.030,account.data_account_type_expenses,Interesespordescubierto,False
l10n_ar.base_intereses_por_venta_de_valores,l10n_ar.l10nar_base_chart_template,5.6.1.01.040,account.data_account_type_expenses,Interesesporventadevalores,False
l10n_ar.base_intereses_fiscales,l10n_ar.l10nar_base_chart_template,5.6.1.01.050,account.data_account_type_expenses,Interesesfiscales,False
l10n_ar.base_gastos_bancarios,l10n_ar.l10nar_base_chart_template,5.6.1.01.060,account.data_account_type_expenses,GastosBancarios,False
l10n_ar.base_r_e_c_p_a_m,l10n_ar.l10nar_base_chart_template,5.6.1.01.070,account.data_account_type_expenses,R.E.C.P.A.M.,False
l10n_ar.base_amortizacion_instalaciones,l10n_ar.l10nar_base_chart_template,5.7.1.01.010,account.data_account_type_depreciation,Amortizacióninstalaciones,False
l10n_ar.base_amortizacion_maq_y_equipos,l10n_ar.l10nar_base_chart_template,5.7.1.01.020,account.data_account_type_depreciation,Amortizaciónmaquinariasyequipos,False
l10n_ar.base_amortizacion_muebles_utiles,l10n_ar.l10nar_base_chart_template,5.7.1.01.030,account.data_account_type_depreciation,Amortizaciónmueblesyútiles,False
l10n_ar.base_amortizacion_rodados,l10n_ar.l10nar_base_chart_template,5.7.1.01.040,account.data_account_type_depreciation,Amortizaciónrodados,False
l10n_ar.base_amortizacion_derechos_de_marca,l10n_ar.l10nar_base_chart_template,5.7.1.01.050,account.data_account_type_depreciation,AmortizaciónDerechosdemarca,False
l10n_ar.base_contrapartida_auxiliar,l10n_ar.l10nar_base_chart_template,6.0.0.00.010,account.data_account_type_current_assets,ContrapartidaAuxiliar,False
