"id","code","name","user_type_id/id","chart_template_id/id","reconcile","tag_ids/id"
"account_1020","1020","Kehittämismenot","account.data_account_type_non_current_assets","l10n_fi.fi_chart_template","False","l10n_fi.account_tag_development_costs"
"account_1030","1030","Aineettomatoikeudet","account.data_account_type_non_current_assets","l10n_fi.fi_chart_template","False","l10n_fi.account_tag_immaterial_rights"
"account_1050","1050","Liikearvo","account.data_account_type_non_current_assets","l10n_fi.fi_chart_template","False","l10n_fi.account_tag_goodwill"
"account_1060","1060","Konserniliikearvo","account.data_account_type_non_current_assets","l10n_fi.fi_chart_template","False","l10n_fi.account_tag_goodwill"
"account_1070","1070","Muutpitkävaikutteisetmenot","account.data_account_type_non_current_assets","l10n_fi.fi_chart_template","False","l10n_fi.account_tag_other_long_term_expenses"
"account_1090","1090","Ennakkomaksutaineettomistahyödykkeistä","account.data_account_type_non_current_assets","l10n_fi.fi_chart_template","False","l10n_fi.account_tag_advance_payments_intangible"
"account_1100","1100","Maa-javesialueet","account.data_account_type_non_current_assets","l10n_fi.fi_chart_template","False","l10n_fi.account_tag_land_and_water_areas_owned"
"account_1120","1120","Rakennuksetjarakennelmat","account.data_account_type_non_current_assets","l10n_fi.fi_chart_template","False","l10n_fi.account_tag_buildings_owned"
"account_1160","1160","Koneetjakalusto","account.data_account_type_non_current_assets","l10n_fi.fi_chart_template","False","l10n_fi.account_tag_machines_and_hardware"
"account_1300","1300","Muutaineellisethyödykkeet","account.data_account_type_non_current_assets","l10n_fi.fi_chart_template","False","l10n_fi.account_tag_other_tangible_assets"
"account_1380","1380","Ennakkomaksutjakeskeneräisethankinnat","account.data_account_type_non_current_assets","l10n_fi.fi_chart_template","False","l10n_fi.account_tag_payments_on_account_tangible"
"account_1400","1400","Osuudetsamankonserninyrityksissä","account.data_account_type_non_current_assets","l10n_fi.fi_chart_template","False","l10n_fi.account_tag_shares_in_group_companies"
"account_1410","1410","Saamisetsamankonserninyrityksiltä","account.data_account_type_non_current_assets","l10n_fi.fi_chart_template","False","l10n_fi.account_tag_receivables_from_group_long-term"
"account_1420","1420","Osuudetomistusyhteysyrityksissä","account.data_account_type_non_current_assets","l10n_fi.fi_chart_template","False","l10n_fi.account_tag_shares_in_associated_companies"
"account_1430","1430","Pitkäaikaisetsaamisetomistusyhteysyrityksiltä","account.data_account_type_non_current_assets","l10n_fi.fi_chart_template","False","l10n_fi.account_tag_receivables_from_associated_companies_non-current"
"account_1440","1440","Muutosakkeetjaosuudet","account.data_account_type_non_current_assets","l10n_fi.fi_chart_template","False","l10n_fi.account_tag_other_shares_and_participations"
"account_1470","1470","Muutpitkäaikaisetsaamiset","account.data_account_type_non_current_assets","l10n_fi.fi_chart_template","False","l10n_fi.account_tag_other_long-term_receivables"
"account_1500","1500","Aineetjatarvikkeet","account.data_account_type_current_assets","l10n_fi.fi_chart_template","False","l10n_fi.account_tag_materials_and_supplies_inventories"
"account_1510","1510","Keskeneräisettuotteet","account.data_account_type_current_assets","l10n_fi.fi_chart_template","False","l10n_fi.account_tag_work_in_progress"
"account_1520","1520","Valmiittuotteet","account.data_account_type_current_assets","l10n_fi.fi_chart_template","False","l10n_fi.account_tag_finished_goods_inventories"
"account_1530","1530","Tavarat","account.data_account_type_current_assets","l10n_fi.fi_chart_template","False","l10n_fi.account_tag_goods_in_transit"
"account_1540","1540","Muuvaihto-omaisuus","account.data_account_type_current_assets","l10n_fi.fi_chart_template","False","l10n_fi.account_tag_other_current_assets"
"account_1550","1550","Ennakkomaksutvaihto-omaisuudesta","account.data_account_type_current_assets","l10n_fi.fi_chart_template","False","l10n_fi.account_tag_advance_payments_for_property"
"account_1600","1600","Pitkäaikaisetmyyntisaamiset","account.data_account_type_receivable","l10n_fi.fi_chart_template","True","l10n_fi.account_tag_trade_receivables_long-term"
"account_1630","1630","Saamisetsamankonserninyrityksiltä,pitkäaikaiset","account.data_account_type_receivable","l10n_fi.fi_chart_template","True","l10n_fi.account_tag_receivables_from_group_long-term"
"account_1640","1640","Saamisetomistusyhteysyrityksiltä,pitkäaikaiset","account.data_account_type_receivable","l10n_fi.fi_chart_template","True","l10n_fi.account_tag_receivables_from_associated_companies_non-current"
"account_1650","1650","Lainasaamiset,pitkäaikaiset","account.data_account_type_receivable","l10n_fi.fi_chart_template","True","l10n_fi.account_tag_loan_receivables_long-term"
"account_1660","1660","Muutsaamiset,pitkäaikaiset","account.data_account_type_receivable","l10n_fi.fi_chart_template","True","l10n_fi.account_tag_other_long-term_receivables"
"account_1670","1670","Pitkäaikaisetmaksamattomatosakkeet/osuudet","account.data_account_type_receivable","l10n_fi.fi_chart_template","True","l10n_fi.account_tag_unpaid_shares_of_long-term"
"account_1680","1680","Pitkäaikaisetsiirtosaamiset","account.data_account_type_receivable","l10n_fi.fi_chart_template","True","l10n_fi.account_tag_prepaid_expenses_and_long-term"
"account_1690","1690","Pitkäaikaisetlaskennallisetverosaamiset","account.data_account_type_receivable","l10n_fi.fi_chart_template","True","l10n_fi.account_tag_deferred_tax_assets_are_long-term"
"account_1700","1700","Myyntisaamiset","account.data_account_type_receivable","l10n_fi.fi_chart_template","True","l10n_fi.account_tag_accounts_receivable"
"account_1701","1701","Myyntisaamiset(myyntipiste)","account.data_account_type_receivable","l10n_fi.fi_chart_template","True","l10n_fi.account_tag_accounts_receivable"
"account_1710","1710","Myyntisaamisetvanhajärjestelmä","account.data_account_type_receivable","l10n_fi.fi_chart_template","True","l10n_fi.account_tag_accounts_receivable"
"account_1720","1720","Korttisaamiset","account.data_account_type_receivable","l10n_fi.fi_chart_template","True","l10n_fi.account_tag_accounts_receivable"
"account_1730","1730","Saamisetsamankonserninyrityksiltä,lyhytaikaiset","account.data_account_type_receivable","l10n_fi.fi_chart_template","True","l10n_fi.account_tag_receivables_from_group"
"account_1740","1740","Saamisetomistusyhteysyrityksiltä,lyhytaikaiset","account.data_account_type_receivable","l10n_fi.fi_chart_template","True","l10n_fi.account_tag_receivables_from_associated_companies"
"account_1750","1750","Lainasaamiset,lyhytaikaiset","account.data_account_type_receivable","l10n_fi.fi_chart_template","True","l10n_fi.account_tag_loans"
"account_1760","1760","Muutsaamiset,lyhytaikaiset","account.data_account_type_receivable","l10n_fi.fi_chart_template","True","l10n_fi.account_tag_other_receivables"
"account_1765","1765","ALV-saamiset","account.data_account_type_current_assets","l10n_fi.fi_chart_template","True","l10n_fi.account_tag_other_receivables"
"account_1777","1777","Selvittelytili","account.data_account_type_current_assets","l10n_fi.fi_chart_template","False","l10n_fi.account_tag_other_receivables"
"account_1780","1780","Maksamattomatosakkeet/osuudet,lyhytaikaiset","account.data_account_type_current_assets","l10n_fi.fi_chart_template","False","l10n_fi.account_tag_unpaid_contributions"
"account_1800","1800","Siirtosaamiset,lyhytaikaiset","account.data_account_type_current_assets","l10n_fi.fi_chart_template","False","l10n_fi.account_tag_prepayments_and_accrued_income"
"account_1850","1850","Laskennallisetverosaamiset","account.data_account_type_current_assets","l10n_fi.fi_chart_template","False","l10n_fi.account_tag_deferred_tax_assets"
"account_1860","1860","Osuudetsamankonserninyrityksissä","account.data_account_type_current_assets","l10n_fi.fi_chart_template","False","l10n_fi.account_tag_shares_in_group_companies"
"account_1880","1880","Muutosakkeetjaosuudet(rahoitusomaisuus)","account.data_account_type_current_assets","l10n_fi.fi_chart_template","False","l10n_fi.account_tag_other_shares_and_marketable_securities"
"account_1890","1890","Muutrahoitusarvopaperit","account.data_account_type_current_assets","l10n_fi.fi_chart_template","False","l10n_fi.account_tag_other_financial_assets"
"account_1900","1900","Rahat/käteisvarat","account.data_account_type_liquidity","l10n_fi.fi_chart_template","False","l10n_fi.account_tag_liquidity"
"account_1910","1910","Pankkisaamiset","account.data_account_type_liquidity","l10n_fi.fi_chart_template","False","l10n_fi.account_tag_liquidity"
"account_1920","1920","Pankkisaamiset,pankki2","account.data_account_type_liquidity","l10n_fi.fi_chart_template","False","l10n_fi.account_tag_liquidity"
"account_1930","1930","Pankkisaamiset,pankki3","account.data_account_type_liquidity","l10n_fi.fi_chart_template","False","l10n_fi.account_tag_liquidity"
"account_1940","1940","Pankkisaamiset,pankki4","account.data_account_type_liquidity","l10n_fi.fi_chart_template","False","l10n_fi.account_tag_liquidity"
"account_1990","1990","Rahansiirrotjatäsmäytykset","account.data_account_type_liquidity","l10n_fi.fi_chart_template","False","l10n_fi.account_tag_liquidity"
"account_2000","2000","Osakepääoma","account.data_account_type_equity","l10n_fi.fi_chart_template","False","l10n_fi.account_tag_stock_capital"
"account_2010","2010","Osakeanti","account.data_account_type_equity","l10n_fi.fi_chart_template","False","l10n_fi.account_tag_stock_capital"
"account_2020","2020","Ylikurssirahasto","account.data_account_type_equity","l10n_fi.fi_chart_template","False","l10n_fi.account_tag_share_premium_account"
"account_2030","2030","Arvonkorotusrahasto(oy)","account.data_account_type_equity","l10n_fi.fi_chart_template","False","l10n_fi.account_tag_revaluation_reserve"
"account_2050","2050","Vararahasto(oy)","account.data_account_type_equity","l10n_fi.fi_chart_template","False","l10n_fi.account_tag_reserve"
"account_2060","2060","Sijoitetunvapaanomanpääomanrahasto","account.data_account_type_equity","l10n_fi.fi_chart_template","False","l10n_fi.account_tag_the_invested_unrestricted_equity_fund"
"account_2070","2070","Yhtiöjärjestyksenmukainenrahasto","account.data_account_type_equity","l10n_fi.fi_chart_template","False","l10n_fi.account_tag_the_articles_of_association_or_fund_under_the_rules"
"account_2080","2080","Muutrahastot(oy)","account.data_account_type_equity","l10n_fi.fi_chart_template","False","l10n_fi.account_tag_other_reserves"
"account_2100","2100","Osuuspääoma","account.data_account_type_equity","l10n_fi.fi_chart_template","False",
"account_2110","2110","Arvonkorotusrahasto(osk)","account.data_account_type_equity","l10n_fi.fi_chart_template","False",
"account_2120","2120","Vararahasto(osk)","account.data_account_type_equity","l10n_fi.fi_chart_template","False",
"account_2130","2130","Sääntöjenmukainenrahasto","account.data_account_type_equity","l10n_fi.fi_chart_template","False",
"account_2140","2140","Muutrahastot(osk)","account.data_account_type_equity","l10n_fi.fi_chart_template","False",
"account_2150","2150","Pääomapanokset(ay)","account.data_account_type_equity","l10n_fi.fi_chart_template","False",
"account_2160","2160","Arvonkorotusrahasto(ay)","account.data_account_type_equity","l10n_fi.fi_chart_template","False",
"account_2170","2170","Pääomapanokset(ky)","account.data_account_type_equity","l10n_fi.fi_chart_template","False",
"account_2190","2190","Arvonkorotusrahasto(ky)","account.data_account_type_equity","l10n_fi.fi_chart_template","False",
"account_2200","2200","Peruspääoma","account.data_account_type_equity","l10n_fi.fi_chart_template","False",
"account_2210","2210","Arvonkorotusrahasto(tmi)","account.data_account_type_equity","l10n_fi.fi_chart_template","False",
"account_2250","2250","Edellistentilikausienvoitto/tappio","account.data_account_type_equity","l10n_fi.fi_chart_template","False","l10n_fi.account_tag_retained_earnings"
"account_2330","2330","Pääomavajausedellisiltätilikausilta","account.data_account_type_equity","l10n_fi.fi_chart_template","False","l10n_fi.account_tag_retained_earnings"
"account_2340","2340","Yksityistilittilikaudella","account.data_account_type_equity","l10n_fi.fi_chart_template","False",
"account_2370","2370","Tilikaudentulos","account.data_unaffected_earnings","l10n_fi.fi_chart_template","False","l10n_fi.account_tag_profit_for_the_period"
"account_2390","2390","Vähemmistöosuus","account.data_account_type_non_current_liabilities","l10n_fi.fi_chart_template","False",
"account_2400","2400","Poistoero","account.data_account_type_non_current_liabilities","l10n_fi.fi_chart_template","False","l10n_fi.account_tag_depreciation_difference"
"account_2450","2450","Verotusperusteisetvaraukset","account.data_account_type_non_current_liabilities","l10n_fi.fi_chart_template","False","l10n_fi.account_tag_tax_based_reservations"
"account_2500","2500","Eläkevaraukset","account.data_account_type_non_current_liabilities","l10n_fi.fi_chart_template","False","l10n_fi.account_tag_provisions_for_pensions"
"account_2530","2530","Verovaraukset","account.data_account_type_non_current_liabilities","l10n_fi.fi_chart_template","False","l10n_fi.account_tag_tax_provisions"
"account_2550","2550","Muutpakollisetvaraukset","account.data_account_type_non_current_liabilities","l10n_fi.fi_chart_template","False","l10n_fi.account_tag_other_provisions"
"account_2590","2590","Konsernireservi","account.data_account_type_non_current_liabilities","l10n_fi.fi_chart_template","False",
"account_2600","2600","Pääomalainat,pitkäaikaiset","account.data_account_type_current_liabilities","l10n_fi.fi_chart_template","False","l10n_fi.account_tag_subordinated_loans_long-term"
"account_2610","2610","Joukkovelkakirjalainat,pitkäaikaiset","account.data_account_type_current_liabilities","l10n_fi.fi_chart_template","False","l10n_fi.account_tag_bonds_are_long-term"
"account_2620","2620","Pitkäaikaisetvaihtovelkakirjalainat","account.data_account_type_current_liabilities","l10n_fi.fi_chart_template","False","l10n_fi.account_tag_convertible_bonds_long-term"
"account_2630","2630","Lainatrahoituslaitoksilta","account.data_account_type_current_liabilities","l10n_fi.fi_chart_template","False","l10n_fi.account_tag_loans_from_financial_institutions_long-term"
"account_2650","2650","Pitkäaikaisettakaisinlainattyöeläkelaitoksilta","account.data_account_type_current_liabilities","l10n_fi.fi_chart_template","False","l10n_fi.account_tag_pension_loans_long-term"
"account_2660","2660","Pitkäaikaisetsaadutennakot","account.data_account_type_current_liabilities","l10n_fi.fi_chart_template","False","l10n_fi.account_tag_advances_received_long-term"
"account_2670","2670","Ostovelat,pitkäaikaiset","account.data_account_type_payable","l10n_fi.fi_chart_template","True","l10n_fi.account_tag_accounts_payable-current"
"account_2690","2690","Pitkäaikaisetrahoitusvekselit","account.data_account_type_current_liabilities","l10n_fi.fi_chart_template","False","l10n_fi.account_tag_bills_of_long-term"
"account_2700","2700","Velatsamankonserninyrityksille,pitkäaikaiset","account.data_account_type_payable","l10n_fi.fi_chart_template","True","l10n_fi.account_tag_consolidated_long-term_liabilities"
"account_2710","2710","Velatomistusyhteysyrityksille,pitkäaikaiset","account.data_account_type_current_liabilities","l10n_fi.fi_chart_template","False","l10n_fi.account_tag_payables_to_associated_companies_non-current"
"account_2720","2720","Muutvelat,pitkäaikaiset","account.data_account_type_current_liabilities","l10n_fi.fi_chart_template","False","l10n_fi.account_tag_other_long-term_liabilities"
"account_2750","2750","Pitkäaikaisetsiirtovelat","account.data_account_type_current_liabilities","l10n_fi.fi_chart_template","False","l10n_fi.account_tag_accrued_long-term"
"account_2770","2770","Pitkäaikaisetlaskennallisetverovelat","account.data_account_type_current_liabilities","l10n_fi.fi_chart_template","False","l10n_fi.account_tag_deferred_tax_liabilities_are_long-term"
"account_2800","2800","Pääomalainat,lyhytaikaiset","account.data_account_type_current_liabilities","l10n_fi.fi_chart_template","False","l10n_fi.account_tag_capital_loans_are_short-term"
"account_2810","2810","Joukkovelkakirjalainat","account.data_account_type_current_liabilities","l10n_fi.fi_chart_template","False","l10n_fi.account_tag_bonds_short-term"
"account_2820","2820","Vaihtovelkakirjalainat","account.data_account_type_current_liabilities","l10n_fi.fi_chart_template","False","l10n_fi.account_tag_convertible_bonds_short-term"
"account_2830","2830","Lainatrahoituslaitoksilta","account.data_account_type_current_liabilities","l10n_fi.fi_chart_template","False","l10n_fi.account_tag_loans_from_financial_institutions_short-term"
"account_2850","2850","Työeläkelaitoksientakaisinlainojenlyhennyserät","account.data_account_type_current_liabilities","l10n_fi.fi_chart_template","False","l10n_fi.account_tag_pension_loans_short-term"
"account_2860","2860","Saadutennakot","account.data_account_type_current_liabilities","l10n_fi.fi_chart_template","False","l10n_fi.account_tag_advances_received_short-term"
"account_2870","2870","Ostovelat","account.data_account_type_payable","l10n_fi.fi_chart_template","True","l10n_fi.account_tag_accounts_payable"
"account_2880","2880","Maksuliikennetili","account.data_account_type_payable","l10n_fi.fi_chart_template","True","l10n_fi.account_tag_accounts_payable"
"account_2890","2890","Rahoitusvekselit","account.data_account_type_current_liabilities","l10n_fi.fi_chart_template","False","l10n_fi.account_tag_bills_of_short-term"
"account_2900","2900","Velatsamankonserninyrityksille","account.data_account_type_current_liabilities","l10n_fi.fi_chart_template","False","l10n_fi.account_tag_group_short-term_liabilities"
"account_2910","2910","Velatomistusyhteysyrityksille","account.data_account_type_current_liabilities","l10n_fi.fi_chart_template","False","l10n_fi.account_tag_payables_to_associated_companies"
"account_2920","2920","Ennakonpidätys-jastm-velka","account.data_account_type_current_liabilities","l10n_fi.fi_chart_template","False","l10n_fi.account_tag_other_short-term_liabilities"
"account_2930","2930","Suoritettavaarvonlisävero","account.data_account_type_current_liabilities","l10n_fi.fi_chart_template","False","l10n_fi.account_tag_other_short-term_liabilities"
"account_2935","2935","OmaVero-tapahtumat","account.data_account_type_current_liabilities","l10n_fi.fi_chart_template","False","l10n_fi.account_tag_other_short-term_liabilities"
"account_2940","2940","Muutvelat","account.data_account_type_current_liabilities","l10n_fi.fi_chart_template","False","l10n_fi.account_tag_other_short-term_liabilities"
"account_2950","2950","Palkkojensiirtovelat","account.data_account_type_current_liabilities","l10n_fi.fi_chart_template","False","l10n_fi.account_tag_accrued_liabilities_short-term"
"account_2951","2951","Muutsiirtovelat","account.data_account_type_current_liabilities","l10n_fi.fi_chart_template","False","l10n_fi.account_tag_accrued_liabilities_short-term"
"account_2952","2952","Palkkojenjaksotus","account.data_account_type_current_liabilities","l10n_fi.fi_chart_template","False","l10n_fi.account_tag_accrued_liabilities_short-term"
"account_2980","2980","Laskennallisetverovelat","account.data_account_type_current_liabilities","l10n_fi.fi_chart_template","False","l10n_fi.account_tag_deferred_tax_liabilities_are_short-term"
"account_3000","3000","Myynti","account.data_account_type_revenue","l10n_fi.fi_chart_template","False","l10n_fi.account_tag_sales"
"account_3200","3200","Oheispalvelut","account.data_account_type_revenue","l10n_fi.fi_chart_template","False","l10n_fi.account_tag_sales"
"account_3250","3250","Toimitusveloituksetjaosamaksulisät","account.data_account_type_revenue","l10n_fi.fi_chart_template","False","l10n_fi.account_tag_sales"
"account_3300","3300","Komissiokauppajaagentuuri","account.data_account_type_revenue","l10n_fi.fi_chart_template","False","l10n_fi.account_tag_sales"
"account_3330","3330","TavaramyyntiAhvenanmaalle","account.data_account_type_revenue","l10n_fi.fi_chart_template","False","l10n_fi.account_tag_sales"
"account_3350","3350","Yhteisömyynti","account.data_account_type_revenue","l10n_fi.fi_chart_template","False","l10n_fi.account_tag_sales"
"account_3380","3380","Myyntiyhteisönulkopuolelle","account.data_account_type_revenue","l10n_fi.fi_chart_template","False","l10n_fi.account_tag_sales"
"account_3400","3400","Myynti,käytetyttavaratjataide-,keräily-jaantiikkiesineet","account.data_account_type_revenue","l10n_fi.fi_chart_template","False","l10n_fi.account_tag_sales"
"account_3440","3440","Myynti,arvopaperitjakiinteistöt","account.data_account_type_revenue","l10n_fi.fi_chart_template","False","l10n_fi.account_tag_sales"
"account_3500","3500","Myynninalennukset","account.data_account_type_revenue","l10n_fi.fi_chart_template","False","l10n_fi.account_tag_sales"
"account_3550","3550","Välillisetverot","account.data_account_type_revenue","l10n_fi.fi_chart_template","False","l10n_fi.account_tag_sales_adjustment_items"
"account_3570","3570","Tulonsiirto-jaläpikulkuerät","account.data_account_type_revenue","l10n_fi.fi_chart_template","False","l10n_fi.account_tag_sales_adjustment_items"
"account_3580","3580","Myynninvaluuttakurssierot","account.data_account_type_revenue","l10n_fi.fi_chart_template","False","l10n_fi.account_tag_sales_adjustment_items"
"account_3590","3590","Muutmyynninoikaisuerät","account.data_account_type_revenue","l10n_fi.fi_chart_template","False","l10n_fi.account_tag_sales_adjustment_items"
"account_3600","3600","Valmiidenjakeskeneräistentuotteidenvarastojenlisäys(+)taivähennys(-)","account.data_account_type_direct_costs","l10n_fi.fi_chart_template","False","l10n_fi.account_tag_manufacturing_warehouse_change"
"account_3630","3630","Valmistusomaankäyttöön","account.data_account_type_direct_costs","l10n_fi.fi_chart_template","False","l10n_fi.account_tag_manufacturing_own_use"
"account_3650","3650","Myyntivoitotpysyvistävastaavista","account.data_account_type_other_income","l10n_fi.fi_chart_template","False","l10n_fi.account_tag_income_other"
"account_3700","3700","Leasinghyvitykset","account.data_account_type_other_income","l10n_fi.fi_chart_template","False","l10n_fi.account_tag_income_other"
"account_3710","3710","Keskeytys-ym.vakuuskorvaukset","account.data_account_type_other_income","l10n_fi.fi_chart_template","False","l10n_fi.account_tag_income_other"
"account_3750","3750","Vuokratuotot","account.data_account_type_other_income","l10n_fi.fi_chart_template","False","l10n_fi.account_tag_income_other"
"account_3800","3800","Saadutavustuksetjatuet","account.data_account_type_other_income","l10n_fi.fi_chart_template","False","l10n_fi.account_tag_income_other"
"account_3850","3850","Palvelutuotot","account.data_account_type_other_income","l10n_fi.fi_chart_template","False","l10n_fi.account_tag_income_other"
"account_3900","3900","Palkkiotjakorvaukset","account.data_account_type_other_income","l10n_fi.fi_chart_template","False","l10n_fi.account_tag_income_other"
"account_3980","3980","Muuttuotot","account.data_account_type_other_income","l10n_fi.fi_chart_template","False","l10n_fi.account_tag_income_other"
"account_4000","4000","Ostot","account.data_account_type_expenses","l10n_fi.fi_chart_template","False","l10n_fi.account_tag_purchases"
"account_4090","4090","TavaraostotAhvenanmaalta","account.data_account_type_expenses","l10n_fi.fi_chart_template","False","l10n_fi.account_tag_purchases"
"account_4110","4110","Yhteisöhankinnat","account.data_account_type_expenses","l10n_fi.fi_chart_template","False","l10n_fi.account_tag_purchases"
"account_4130","4130","Tuontiostotyhteisönulkopuolelta","account.data_account_type_expenses","l10n_fi.fi_chart_template","False","l10n_fi.account_tag_purchases"
"account_4150","4150","Ostot,käytetyttavaratjataide-,keräily-jaantiikkiesineet","account.data_account_type_expenses","l10n_fi.fi_chart_template","False","l10n_fi.account_tag_purchases"
"account_4200","4200","Ostot,arvopaperitjakiinteistöt","account.data_account_type_expenses","l10n_fi.fi_chart_template","False","l10n_fi.account_tag_purchases"
"account_4230","4230","Ostojenalennukset","account.data_account_type_expenses","l10n_fi.fi_chart_template","False","l10n_fi.account_tag_purchases_adjustment_items"
"account_4260","4260","Palautetuttavarat","account.data_account_type_expenses","l10n_fi.fi_chart_template","False","l10n_fi.account_tag_purchases_adjustment_items"
"account_4270","4270","Saadutvahingonkorvauksetjaavustukset","account.data_account_type_expenses","l10n_fi.fi_chart_template","False","l10n_fi.account_tag_purchases_adjustment_items"
"account_4290","4290","Rahdit,huolintajamuuthankintakulut","account.data_account_type_expenses","l10n_fi.fi_chart_template","False","l10n_fi.account_tag_purchases_adjustment_items"
"account_4340","4340","Siirrotmuuhunkuinmyyntitarkoitukseen","account.data_account_type_expenses","l10n_fi.fi_chart_template","False","l10n_fi.account_tag_purchases_adjustment_items"
"account_4370","4370","Ostojenvaluuttakurssierot","account.data_account_type_expenses","l10n_fi.fi_chart_template","False","l10n_fi.account_tag_purchases_adjustment_items"
"account_4380","4380","Muutostojenoikaisuerät","account.data_account_type_expenses","l10n_fi.fi_chart_template","False","l10n_fi.account_tag_purchases_adjustment_items"
"account_4400","4400","Varastojenlisäys(+)taivähennys(-)","account.data_account_type_expenses","l10n_fi.fi_chart_template","False","l10n_fi.account_tag_change_in_inventories"
"account_4450","4450","Alihankinta","account.data_account_type_expenses","l10n_fi.fi_chart_template","False","l10n_fi.account_tag_external_services"
"account_4480","4480","Vuokrattutyövoima","account.data_account_type_expenses","l10n_fi.fi_chart_template","False","l10n_fi.account_tag_external_services"
"account_4490","4490","Muutulkopuolisetpalvelut","account.data_account_type_expenses","l10n_fi.fi_chart_template","False","l10n_fi.account_tag_external_services"
"account_5000","5000","Työssäoloajannormaalipalkat","account.data_account_type_expenses","l10n_fi.fi_chart_template","False","l10n_fi.account_tag_wages_and_salaries_in_production"
"account_5100","5100","Lisätjakorvaukset","account.data_account_type_expenses","l10n_fi.fi_chart_template","False","l10n_fi.account_tag_wages_and_salaries_other"
"account_5200","5200","Palkkiot","account.data_account_type_expenses","l10n_fi.fi_chart_template","False","l10n_fi.account_tag_wages_and_salaries_other"
"account_5300","5300","Loma-ajanjasosiaalipalkat","account.data_account_type_expenses","l10n_fi.fi_chart_template","False","l10n_fi.account_tag_wages_and_salaries_other"
"account_5330","5330","Palkkojenjaksotus","account.data_account_type_expenses","l10n_fi.fi_chart_template","False","l10n_fi.account_tag_wages_and_salaries_other"
"account_5400","5400","Luontoisedut","account.data_account_type_expenses","l10n_fi.fi_chart_template","False","l10n_fi.account_tag_wages_and_salaries_other"
"account_5470","5470","Saadutkorvauksetpalkoista","account.data_account_type_expenses","l10n_fi.fi_chart_template","False","l10n_fi.account_tag_wages_and_salaries_other"
"account_5600","5600","Johdonpalkatjapalkkiot","account.data_account_type_expenses","l10n_fi.fi_chart_template","False","l10n_fi.account_tag_wages_and_salaries_other"
"account_5700","5700","Johdonluontoisedut","account.data_account_type_expenses","l10n_fi.fi_chart_template","False","l10n_fi.account_tag_wages_and_salaries_other"
"account_5770","5770","Saadutkorvauksetjohdonpalkoista","account.data_account_type_expenses","l10n_fi.fi_chart_template","False","l10n_fi.account_tag_wages_and_salaries_other"
"account_5800","5800","Osakkaidenjaomaistenpalkatjapalkkiot","account.data_account_type_expenses","l10n_fi.fi_chart_template","False","l10n_fi.account_tag_wages_and_salaries_other"
"account_5900","5900","Osakkaidenjaomaistenluontoisedut","account.data_account_type_expenses","l10n_fi.fi_chart_template","False","l10n_fi.account_tag_wages_and_salaries_other"
"account_5960","5960","Saadutkorvauksetosakkaidenjaomaistenpalkoista","account.data_account_type_expenses","l10n_fi.fi_chart_template","False","l10n_fi.account_tag_wages_and_salaries_other"
"account_5990","5990","Luontoisetujenvastatili","account.data_account_type_expenses","l10n_fi.fi_chart_template","False","l10n_fi.account_tag_wages_and_salaries_other"
"account_6000","6000","Maksetuteläkkeet","account.data_account_type_expenses","l10n_fi.fi_chart_template","False","l10n_fi.account_tag_pension_costs_of_production"
"account_6100","6100","Eläkevakuutusmaksut","account.data_account_type_expenses","l10n_fi.fi_chart_template","False","l10n_fi.account_tag_pension_costs_other"
"account_6290","6290","Tilikaudenaikainenjaksotus","account.data_account_type_expenses","l10n_fi.fi_chart_template","False","l10n_fi.account_tag_other_additional_expenses_other"
"account_6300","6300","Sosiaaliturvamaksut","account.data_account_type_expenses","l10n_fi.fi_chart_template","False","l10n_fi.account_tag_other_additional_expenses_other"
"account_6400","6400","Pakollisetvakuutusmaksut","account.data_account_type_expenses","l10n_fi.fi_chart_template","False","l10n_fi.account_tag_other_additional_expenses_other"
"account_6500","6500","Muuthenkilöstönvakuutusmaksut","account.data_account_type_expenses","l10n_fi.fi_chart_template","False","l10n_fi.account_tag_other_additional_expenses_other"
"account_6690","6690","Tilikaudenaikainenjaksotus","account.data_account_type_expenses","l10n_fi.fi_chart_template","False","l10n_fi.account_tag_other_additional_expenses_other"
"account_6800","6800","Suunnitelmanmukaisetpoistot","account.data_account_type_expenses","l10n_fi.fi_chart_template","False","l10n_fi.account_tag_depreciation_according_to_plan"
"account_6930","6930","Konserniliikearvonpoistojakonsenireservinvähennys","account.data_account_type_expenses","l10n_fi.fi_chart_template","False","l10n_fi.account_tag_change_in_depreciation_difference"
"account_6950","6950","Arvonalentumisetpysyvienvastaavienhyödykkeistä","account.data_account_type_expenses","l10n_fi.fi_chart_template","False","l10n_fi.account_tag_impairment_of_fixed_assets"
"account_6990","6990","Vaihtuvienvastaavienpoikkeuksellisetarvonalentumiset","account.data_account_type_expenses","l10n_fi.fi_chart_template","False","l10n_fi.account_tag_impairment_losses_financial_assets_current_assets"
"account_7000","7000","Vapaaehtoisethenkilösivukulut","account.data_account_type_expenses","l10n_fi.fi_chart_template","False","l10n_fi.account_tag_personnel_other"
"account_7200","7200","Toimitilakulut","account.data_account_type_expenses","l10n_fi.fi_chart_template","False","l10n_fi.account_tag_premises_costs"
"account_7230","7230","Toimitilavuokrat","account.data_account_type_expenses","l10n_fi.fi_chart_template","False","l10n_fi.account_tag_premises_costs"
"account_7250","7250","Varastovuokrat","account.data_account_type_expenses","l10n_fi.fi_chart_template","False","l10n_fi.account_tag_premises_costs"
"account_7270","7270","Autotalli-jaautopaikkavuokrat","account.data_account_type_expenses","l10n_fi.fi_chart_template","False","l10n_fi.account_tag_premises_costs"
"account_7500","7500","Ajoneuvokulut","account.data_account_type_expenses","l10n_fi.fi_chart_template","False","l10n_fi.account_tag_vehicle_expenses"
"account_7520","7520","Ajoneuvovuokrat","account.data_account_type_expenses","l10n_fi.fi_chart_template","False","l10n_fi.account_tag_vehicle_expenses"
"account_7640","7640","Atk-laiteja-ohjelmakulut","account.data_account_type_expenses","l10n_fi.fi_chart_template","False","l10n_fi.account_tag_it_expenses"
"account_7650","7650","Atk-laitejaohjelm.vuokrat","account.data_account_type_expenses","l10n_fi.fi_chart_template","False","l10n_fi.account_tag_it_expenses"
"account_7710","7710","Kone-jakalustokulut","account.data_account_type_expenses","l10n_fi.fi_chart_template","False","l10n_fi.account_tag_in_machinery_and_equipment_expenses"
"account_7720","7720","Kone-jakalustovuokrat","account.data_account_type_expenses","l10n_fi.fi_chart_template","False","l10n_fi.account_tag_in_machinery_and_equipment_expenses"
"account_7800","7800","Matkakulut","account.data_account_type_expenses","l10n_fi.fi_chart_template","False","l10n_fi.account_tag_travelling"
"account_7950","7950","Edustuskulut","account.data_account_type_expenses","l10n_fi.fi_chart_template","False","l10n_fi.account_tag_representation"
"account_8000","8000","Myyntikulut","account.data_account_type_expenses","l10n_fi.fi_chart_template","False","l10n_fi.account_tag_selling_expenses"
"account_8050","8050","Markkinointikulut","account.data_account_type_expenses","l10n_fi.fi_chart_template","False","l10n_fi.account_tag_marketing_expenses"
"account_8300","8300","Tutkimus-jakehityskulut","account.data_account_type_expenses","l10n_fi.fi_chart_template","False","l10n_fi.account_tag_research_and_development"
"account_8370","8370","Ostetuthallintopalvelut","account.data_account_type_expenses","l10n_fi.fi_chart_template","False","l10n_fi.account_tag_administrative_services"
"account_8450","8450","Muuthallintokulut","account.data_account_type_expenses","l10n_fi.fi_chart_template","False","l10n_fi.account_tag_other_administrative_expenses"
"account_8451","8451","Puhelin-jatietoliikennekulut","account.data_account_type_expenses","l10n_fi.fi_chart_template","False","l10n_fi.account_tag_it_expenses"
"account_8452","8452","Vakuutuksetjavahingonkorvaukset","account.data_account_type_expenses","l10n_fi.fi_chart_template","False","l10n_fi.account_tag_other_fixed_costs"
"account_8453","8453","Toimisto-jahallintokulut","account.data_account_type_expenses","l10n_fi.fi_chart_template","False","l10n_fi.account_tag_other_administrative_expenses"
"account_8455","8455","Muuthallintokulut","account.data_account_type_expenses","l10n_fi.fi_chart_template","False","l10n_fi.account_tag_other_administrative_expenses"
"account_8700","8700","Muutliikekulut","account.data_account_type_expenses","l10n_fi.fi_chart_template","False","l10n_fi.account_tag_other_fixed_costs"
"account_8730","8730","Myynninluottotappiot","account.data_account_type_expenses","l10n_fi.fi_chart_template","False","l10n_fi.account_tag_other_fixed_costs"
"account_8790","8790","Fuusiotappio","account.data_account_type_expenses","l10n_fi.fi_chart_template","False","l10n_fi.account_tag_other_fixed_costs"
"account_8800","8800","Vähennyskelvottomatliikekulut","account.data_account_type_expenses","l10n_fi.fi_chart_template","False","l10n_fi.account_tag_other_fixed_costs"
"account_8850","8850","Käyttöomaisuudenluovutustappiot","account.data_account_type_expenses","l10n_fi.fi_chart_template","False","l10n_fi.account_tag_other_fixed_costs"
"account_8890","8890","Täsmäytyserot","account.data_account_type_expenses","l10n_fi.fi_chart_template","False","l10n_fi.account_tag_other_fixed_costs"
"account_8990","8990","Osuusosakkuusyritystentuloksesta","account.data_account_type_expenses","l10n_fi.fi_chart_template","False",
"account_9000","9000","Tuototosuuksistasamankonserninyrityksissä","account.data_account_type_other_income","l10n_fi.fi_chart_template","False","l10n_fi.account_tag_income_from_shares_in_group"
"account_9030","9030","Osuusosakkuusyritystenvoitosta(tappiosta)","account.data_account_type_other_income","l10n_fi.fi_chart_template","False","l10n_fi.account_tag_income_from_associated_company"
"account_9040","9040","Tuototosuuksistaomistusyhteysyrityksissä","account.data_account_type_other_income","l10n_fi.fi_chart_template","False",
"account_9070","9070","Tuototosuuksistamuissaomistusyhteysyrityksissä","account.data_account_type_other_income","l10n_fi.fi_chart_template","False",
"account_9080","9080","Sijoitustuototpysyvienvastaaviensijoituksista,konserni","account.data_account_type_other_income","l10n_fi.fi_chart_template","False","l10n_fi.account_tag_investment_income_other_current_assets_group"
"account_9090","9090","Sijoitustuototpysyvienvastaaviensijoituksista,muut","account.data_account_type_other_income","l10n_fi.fi_chart_template","False","l10n_fi.account_tag_other_investment_income_from_fixed_assets"
"account_9150","9150","Muutkorko-jarahoitustuotot,konserni","account.data_account_type_other_income","l10n_fi.fi_chart_template","False","l10n_fi.account_tag_interest_and_financial_income_from_group"
"account_9160","9160","Muutkorko-jarahoitustuotot,muut","account.data_account_type_other_income","l10n_fi.fi_chart_template","False","l10n_fi.account_tag_other_interest_and_financial_income"
"account_9300","9300","Arvonalentumisetpysyvienvastaaviensijoituksista","account.data_account_type_expenses","l10n_fi.fi_chart_template","False","l10n_fi.account_tag_impairment_losses_on_investments_in_fixed_assets"
"account_9370","9370","Arvonalentumisetvaihtuvienvastaavienrahoitusarvopapereista","account.data_account_type_expenses","l10n_fi.fi_chart_template","False","l10n_fi.account_tag_impairment_losses_financial_assets_current_assets"
"account_9420","9420","Korkokulutjamuutrahoituskulut,konserni","account.data_account_type_expenses","l10n_fi.fi_chart_template","False","l10n_fi.account_tag_financial_expenses_group"
"account_9440","9440","Korkokulutjamuutrahoituskulut,muut","account.data_account_type_expenses","l10n_fi.fi_chart_template","False","l10n_fi.account_tag_other_financial_expenses"
"account_9800","9800","Poistoeronlisäys(-)taivähennys(+)","account.data_account_type_expenses","l10n_fi.fi_chart_template","False","l10n_fi.account_tag_change_in_depreciation_difference"
"account_9840","9840","Verotusperusteistenvaraustenlisäys(-)taivähennys(+)","account.data_account_type_expenses","l10n_fi.fi_chart_template","False","l10n_fi.account_tag_change_in_provisions"
"account_9850","9850","Konserniavustukset,saadut","account.data_account_type_expenses","l10n_fi.fi_chart_template","False","l10n_fi.account_tag_group_contribution"
"account_9860","9860","Konserniavustukset,maksetut","account.data_account_type_expenses","l10n_fi.fi_chart_template","False","l10n_fi.account_tag_group_contribution"
"account_9900","9900","Tilikaudenjaaikaisempientilikausienverot","account.data_account_type_expenses","l10n_fi.fi_chart_template","False","l10n_fi.account_tag_taxes_for_the_period"
"account_9970","9970","Laskennallisetverot","account.data_account_type_expenses","l10n_fi.fi_chart_template","False","l10n_fi.account_tag_taxes_for_the_period"
"account_9980","9980","Muutvälittömätverot","account.data_account_type_expenses","l10n_fi.fi_chart_template","False","l10n_fi.account_tag_taxes_for_the_period"
"account_9990","9990","Vähemmistöosuudet","account.data_account_type_expenses","l10n_fi.fi_chart_template","False",
